reading_date,week_id,sort_order,meter_id,b_code,floor,subb_code,building_name,raw_reading,raw_unit,reader,note
17/07/2026,2026-W29,1,EGAT__FL01__Main,EGAT,FL01,Main11,มิเตอร์รวมทั้งหมด,,kWh,,
17/07/2026,2026-W29,2,EGAT__FL01__Main2,EGAT,FL01,Main21,มิเตอร์รวม เฟส 1,,kWh,,
17/07/2026,2026-W29,3,T.0006__FL01__MDB,T.0006,FL01,MDB,ท.0006 อาคาร บริหารอะไหล่กังหันก๊าซ1 อรอ.,19.853056,MWh,ธนวิชญ์,
17/07/2026,2026-W29,4,T.0007__FL01__MDB,T.0007,FL01,MDB,ท.0007 อาคาร กองบริหาร ชธธ.,25948.33,kWh,,
17/07/2026,2026-W29,5,T.0008__FL01__MDB,T.0008,FL01,MDB,ท.0008 อาคาร บริหารอะไหล่กังหันก๊าซ2 อรอ.,3923.47,kWh,,
17/07/2026,2026-W29,6,T.0009__FL01__MDB,T.0009,FL01,MDB,ท.0009 อาคาร ปฏิบัติการพิเศษ,,kWh,,
17/07/2026,2026-W29,7,T.0010__FL01__MDB,T.0010,FL01,MDB,ท.0010 อาคาร ทดสอบเครื่องกล อรอ.,92166.66,kWh,,
17/07/2026,2026-W29,8,T.0011__FL01__MDB,T.0011,FL01,MDB,ท.0011 อาคาร เครื่องมือ อบค.,5757.46,kWh,,
17/07/2026,2026-W29,9,T.0012__FL01__MDB,T.0012,FL01,MDB,ท.0012 อาคาร บำรุงรักษาเครื่องกล อบค.,352203.95,kWh,,
17/07/2026,2026-W29,10,D.0026__FL01__MDB,D.0026,FL01,MDB,ต.0026 อาคารระบบประปา,7747.66,kWh,ธนวิชญ์,
17/07/2026,2026-W29,11,D.0017__FL01__MDB,D.0017,FL01,MDB,ต.0017 อาคาร โรงอาหาร,10890.13,kWh,,
17/07/2026,2026-W29,12,D.0017__FL01__ร้านค้า_1,D.0017,FL01,ร้านค้า 1,ต.0017 ร้านอาหาร 1 (จ๊ายตี๋),152,kWh,ธนวิชญ์,
17/07/2026,2026-W29,13,D.0017__FL01__ร้านค้า_2,D.0017,FL01,ร้านค้า 2,ต.0017 ร้านอาหาร 2 (ก๋วยเตี๋ยวสะบัดเส้น),5536,kWh,ธนวิชญ์,
17/07/2026,2026-W29,14,D.0017__FL01__ร้านค้า_3,D.0017,FL01,ร้านค้า 3,ต.0017 ร้านอาหาร 3 (ร้านอาหารไม่ปิด),,kWh,,
17/07/2026,2026-W29,15,D.0017__FL01__ร้านค้า_4,D.0017,FL01,ร้านค้า 4,ต.0017 ตู้ ATM ธนาคารกรุงไทย,2385,kWh,ธนวิชญ์,
17/07/2026,2026-W29,16,D.0017__FL01__ร้านค้า_5,D.0017,FL01,ร้านค้า 5,ต.0017 ร้านกาแฟ ใหม่,1916,kWh,ธนวิชญ์,
17/07/2026,2026-W29,17,T.0014__FL01__MDB,T.0014,FL01,MDB,ท.0014 อาคาร ปฏิบัติการฝ่ายบำรุงรักษาไฟฟ้าและโยธา,436262.43,kWh,,
17/07/2026,2026-W29,18,T.0015__FL01__MDB,T.0015,FL01,MDB,ท.0015 อาคาศูนย์ปฏิบัติการทดสอบเคมี 2,652559.55,kWh,,
17/07/2026,2026-W29,19,T.0016__FL01__MDB,T.0016,FL01,MDB,ท.0016 อาคารปฏิบัติการเคมี 1 อคม.,426756.36,kWh,,
17/07/2026,2026-W29,20,T.0017__FL01__MDB,T.0017,FL01,MDB,ท.0017 อาคาร ศูนย์พัฒนางานเชื่อมและทดสอบฝีมือช่างเชื่อมสากล,348317,kWh,ธนวิชญ์,
17/07/2026,2026-W29,21,T.0018__FL01__MDB,T.0018,FL01,MDB,ท.0018 อาคารศูนย์มาตรวิทยาและสอบเทียบเครื่องมือวัด,365050.5,kWh,,
17/07/2026,2026-W29,22,D.0019__FL01__MDB,D.0019,FL01,MDB,ต.0019 อาคารนันทนาการพร้อมอาคารจอดรถ,244770.97,kWh,,
17/07/2026,2026-W29,23,D.0019__FL01__ร้านค้า_1,D.0019,FL01,ร้านค้า 1,ต.0019 ร้านอาหาร 4 (ครัวเทคแคร์),8063,kWh,ธนวิชญ์,
17/07/2026,2026-W29,24,D.0019__FL01__ร้านค้า_2,D.0019,FL01,ร้านค้า 2,ต.0019 ร้านอาหาร 5 (ตี๋ใหญ่ข้าวมันไก่),5760,kWh,ธนวิชญ์,
17/07/2026,2026-W29,25,D.0019__FL01__ร้านค้า_3,D.0019,FL01,ร้านค้า 3,ต.0019 ร้านอาหาร 6 (ก๋วยเตี๋ยวแก้วขวัญ),1549,kWh,ธนวิชญ์,
17/07/2026,2026-W29,26,D.0019__FL01__ร้านค้า_4,D.0019,FL01,ร้านค้า 4,ต.0019 ร้านอาหาร 7 (ต้อมผลไม้สด),6084,kWh,ธนวิชญ์,
17/07/2026,2026-W29,27,D.0019__FL01__ร้านค้า_5,D.0019,FL01,ร้านค้า 5,ต.0019 ร้านอาหาร 8 (ปั้นไปเรื่อย),5789,kWh,ธนวิชญ์,
17/07/2026,2026-W29,28,D.0019__FL01__ร้านค้า_6,D.0019,FL01,ร้านค้า 6,ต.0019 ร้านอาหาร 9 (อาอิซะห์อาหารอิสลาม),1867,kWh,ธนวิชญ์,
17/07/2026,2026-W29,29,D.0019__FL01__ร้านค้า_7,D.0019,FL01,ร้านค้า 7,ต.0019 ร้านสหกรณ์,6558,kWh,ธนวิชญ์,
17/07/2026,2026-W29,30,D.0025__FL01__MDB,D.0025,FL01,MDB,ต.0025 อาคารอเนกประสงค์,27339.69,kWh,,
17/07/2026,2026-W29,31,D.0015__FL01__MDB,D.0015,FL01,MDB,ต.0015 อาคารโรงซ่อมเครื่องกล อสร.,26864,kWh,ธนวิชญ์,
17/07/2026,2026-W29,32,T.0022__FL01__MDB,T.0022,FL01,MDB,ท.0022 อาคารห้องกัมตภาพรังสี อบค.,1122,kWh,ธนวิชญ์,
17/07/2026,2026-W29,33,T.0023__FL01__MDB,T.0023,FL01,MDB,ท.0023 อาคาร Construction Shop อบค.,5793,kWh,ธนวิชญ์,
17/07/2026,2026-W29,34,T.0025__FL01__MDB,T.0025,FL01,MDB,ท.0025 อาคารเก็บอุปกรณ์ อสร.,3110,kWh,ธนวิชญ์,
17/07/2026,2026-W29,35,T.0026__FL01__MDB,T.0026,FL01,MDB,ท.0026 อาคารบริหารการขนส่ง,698.25,MWh,ธนวิชญ์,
17/07/2026,2026-W29,36,T.0027__FL01__MDB,T.0027,FL01,MDB,ท.0027 อาคารปฏิบัติการกองขนส่ง,282.86,MWh,ธนวิชญ์,
17/07/2026,2026-W29,37,T.0028__FL01__MDB,T.0028,FL01,MDB,ท.0028 อาคารกองซ่อมเครื่องจักรกลและยานพาหนะ 1,296.67,MWh,ธนวิชญ์,
17/07/2026,2026-W29,38,T.0029__FL01__MDB,T.0029,FL01,MDB,ท.0029 อาคารกองซ่อมเครื่องจักรกลและยานพาหนะ 2,376.42,MWh,ธนวิชญ์,
17/07/2026,2026-W29,39,D.0031__FL01__MDB,D.0031,FL01,MDB,ต.0031 อาคารโรงอาหาร,45.299,MWh,ธนวิชญ์,
17/07/2026,2026-W29,40,D.0031__FL01__ร้านค้า_1,D.0031,FL01,ร้านค้า 1,ต.0031 ร้านข้าวแกงคุณเพ็ญศรี,3727,kWh,ธนวิชญ์,
17/07/2026,2026-W29,41,D.0033__FL01__MDB,D.0033,FL01,MDB,ต.0033 อาคารปฏิบัติการงานเชื่อม,496.8,kWh,ธนวิชญ์,
17/07/2026,2026-W29,42,B.0001__FL01__MDB,B.0001,FL01,MDB,บ.0001 อาคาร แฟลต อบค.,8078,kWh,ธนวิชญ์,
17/07/2026,2026-W29,43,T.0019__FL01__Main,T.0019,FL01,Main,ท.0019 ชั้นที่ 1 อาคารทำการ ชธธ.,951333.86,kWh,,
17/07/2026,2026-W29,44,T.0019__FL01__LP1,T.0019,FL01,LP1,ท.0019 ชั้นที่ 1 อาคารทำการ ชธธ. ระบบแสงสว่าง 1,97870.22,kWh,,
17/07/2026,2026-W29,45,T.0019__FL01__PP1,T.0019,FL01,PP1,ท.0019 ชั้นที่ 1 อาคารทำการ ชธธ. ระบบเครื่องใช้ไฟฟ้า 1,245977.5,kWh,,
17/07/2026,2026-W29,46,T.0019__FL01__AP1,T.0019,FL01,AP1,ท.0019 ชั้นที่ 1 อาคารทำการ ชธธ. ระบบเครื่องปรับอากาศ 1,190089.86,kWh,,
17/07/2026,2026-W29,47,T.0019__FL01__EMDB_1,T.0019,FL01,EMDB 1,ท.0019 ชั้นที่ 1 อาคารทำการ ชธธ. (EMDB),230602.34,kWh,,
17/07/2026,2026-W29,48,T.0019__FL03__SCB_3,T.0019,FL03,SCB 3,ท.0019 ชั้นที่ 3 อาคารทำการ ชธธ.,119000.26,kWh,,
17/07/2026,2026-W29,49,T.0019__FL03__LP3,T.0019,FL03,LP3,ท.0019 ชั้นที่ 3 อาคารทำการ ชธธ. ระบบแสงสว่าง 3,19391.23,kWh,,
17/07/2026,2026-W29,50,T.0019__FL03__PP3,T.0019,FL03,PP3,ท.0019 ชั้นที่ 3 อาคารทำการ ชธธ. ระบบเครื่องใช้ไฟฟ้า 3,27882.19,kWh,,
17/07/2026,2026-W29,51,T.0019__FL03__AP3,T.0019,FL03,AP3,ท.0019 ชั้นที่ 3 อาคารทำการ ชธธ. ระบบเครื่องปรับอากาศ 3,36827.68,kWh,,
17/07/2026,2026-W29,52,T.0019__FL03__ร้านค้า,T.0019,FL03,ร้านค้า,ท.0019 ชั้นที่ 3 อาคารทำการ ชธธ.ร้านกาแฟ,,kWh,,
17/07/2026,2026-W29,53,T.0019__FL04__SCB_4,T.0019,FL04,SCB 4,ท.0019 ชั้นที่ 4 อบย.,354366.22,kWh,,
17/07/2026,2026-W29,54,T.0019__FL04__LP4,T.0019,FL04,LP4,ท.0019 ชั้นที่ 4 อาคารทำการ ชธธ. ระบบแสงสว่าง 4,121223.31,kWh,,
17/07/2026,2026-W29,55,T.0019__FL04__PP41,T.0019,FL04,PP41,ท.0019 ชั้นที่ 4 อาคารทำการ ชธธ. ระบบเครื่องใช้ไฟฟ้า 4/1,67949.75,kWh,,
17/07/2026,2026-W29,56,T.0019__FL04__PP42,T.0019,FL04,PP42,ท.0019 ชั้นที่ 4 อาคารทำการ ชธธ. ระบบเครื่องใช้ไฟฟ้า 4/2,33604.89,kWh,,
17/07/2026,2026-W29,57,T.0019__FL04__AP4,T.0019,FL04,AP4,ท.0019 ชั้นที่ 4 อาคารทำการ ชธธ. ระบบเครื่องปรับอากาศ 4,75346.96,kWh,,
17/07/2026,2026-W29,58,T.0019__FL05__SCB_5,T.0019,FL05,SCB 5,"ท.0019 ชั้นที่ 5 อคม.,อบฟ.",222778.44,kWh,,
17/07/2026,2026-W29,59,T.0019__FL05__LP5,T.0019,FL05,LP5,ท.0019 ชั้นที่ 5 อาคารทำการ ชธธ. ระบบแสงสว่าง 5,79186.37,kWh,,
17/07/2026,2026-W29,60,T.0019__FL05__PP51,T.0019,FL05,PP51,ท.0019 ชั้นที่ 5 อาคารทำการ ชธธ. ระบบเครื่องใช้ไฟฟ้า 5/1,18347.93,kWh,,
17/07/2026,2026-W29,61,T.0019__FL05__PP52,T.0019,FL05,PP52,ท.0019 ชั้นที่ 5 อาคารทำการ ชธธ. ระบบเครื่องใช้ไฟฟ้า 5/2,21354.78,kWh,,
17/07/2026,2026-W29,62,T.0019__FL05__AP5,T.0019,FL05,AP5,ท.0019 ชั้นที่ 5 อาคารทำการ ชธธ. ระบบเครื่องปรับอากาศ 5,68522.18,kWh,,
17/07/2026,2026-W29,63,T.0019__FL06__SCB_6,T.0019,FL06,SCB 6,ท.0019 ชั้นที่ 6 อบฟ.,215843.68,kWh,,
17/07/2026,2026-W29,64,T.0019__FL06__LP6,T.0019,FL06,LP6,ท.0019 ชั้นที่ 6 อาคารทำการ ชธธ. ระบบแสงสว่าง 6,72439.68,kWh,,
17/07/2026,2026-W29,65,T.0019__FL06__PP61,T.0019,FL06,PP61,ท.0019 ชั้นที่ 6 อาคารทำการ ชธธ. ระบบเครื่องใช้ไฟฟ้า 6/1,19111.12,kWh,,
17/07/2026,2026-W29,66,T.0019__FL06__PP62,T.0019,FL06,PP62,ท.0019 ชั้นที่ 6 อาคารทำการ ชธธ. ระบบเครื่องใช้ไฟฟ้า 6/2,9311.46,kWh,,
17/07/2026,2026-W29,67,T.0019__FL06__AP6,T.0019,FL06,AP6,ท.0019 ชั้นที่ 6 อาคารทำการ ชธธ. ระบบเครื่องปรับอากาศ 6,65235.98,kWh,,
17/07/2026,2026-W29,68,T.0019__FL07__SCB_7,T.0019,FL07,SCB 7,ท.0019 ชั้นที่ 7 อบฟ.,277577.79,kWh,,
17/07/2026,2026-W29,69,T.0019__FL07__LP7,T.0019,FL07,LP7,ท.0019 ชั้นที่ 7 อาคารทำการ ชธธ. ระบบแสงสว่าง 7,104268.01,kWh,,
17/07/2026,2026-W29,70,T.0019__FL07__PP71,T.0019,FL07,PP71,ท.0019 ชั้นที่ 7 อาคารทำการ ชธธ. ระบบเครื่องใช้ไฟฟ้า 7/1,31425.98,kWh,,
17/07/2026,2026-W29,71,T.0019__FL07__PP72,T.0019,FL07,PP72,ท.0019 ชั้นที่ 7 อาคารทำการ ชธธ. ระบบเครื่องใช้ไฟฟ้า 7/2,30668.63,kWh,,
17/07/2026,2026-W29,72,T.0019__FL07__AP7,T.0019,FL07,AP7,ท.0019 ชั้นที่ 7 อาคารทำการ ชธธ. ระบบเครื่องปรับอากาศ 7,34398.21,kWh,,
17/07/2026,2026-W29,73,T.0019__FL08__SCB_8,T.0019,FL08,SCB 8,ท.0019 ชั้นที่ 8 อบค.,261800.07,kWh,,
17/07/2026,2026-W29,74,T.0019__FL08__LP8,T.0019,FL08,LP8,ท.0019 ชั้นที่ 8 อาคารทำการ ชธธ. ระบบแสงสว่าง 8,77082.26,kWh,,
17/07/2026,2026-W29,75,T.0019__FL08__PP81,T.0019,FL08,PP81,ท.0019 ชั้นที่ 8 อาคารทำการ ชธธ. ระบบเครื่องใช้ไฟฟ้า 8/1,50130.41,kWh,,
17/07/2026,2026-W29,76,T.0019__FL08__PP82,T.0019,FL08,PP82,ท.0019 ชั้นที่ 8 อาคารทำการ ชธธ. ระบบเครื่องใช้ไฟฟ้า 8/2,6052.7,kWh,,
17/07/2026,2026-W29,77,T.0019__FL08__AP8,T.0019,FL08,AP8,ท.0019 ชั้นที่ 8 อาคารทำการ ชธธ. ระบบเครื่องปรับอากาศ 8,63336.8,kWh,,
17/07/2026,2026-W29,78,T.0019__FL09__SCB_9,T.0019,FL09,SCB 9,ท.0019 ชั้นที่ 9 (รวม),507237.67,kWh,,
17/07/2026,2026-W29,79,T.0019__FL09__LP9,T.0019,FL09,LP9,ท.0019 ชั้นที่ 9 อาคารทำการ ชธธ. ระบบแสงสว่าง 9,41210.63,kWh,,
17/07/2026,2026-W29,80,T.0019__FL09__PP91,T.0019,FL09,PP91,ท.0019 ชั้นที่ 9 อาคารทำการ ชธธ. ระบบเครื่องใช้ไฟฟ้า 9/1,27042.27,kWh,,
17/07/2026,2026-W29,81,T.0019__FL09__PP92,T.0019,FL09,PP92,ท.0019 ชั้นที่ 9 อาคารทำการ ชธธ. ระบบเครื่องใช้ไฟฟ้า 9/2,31268.59,kWh,,
17/07/2026,2026-W29,82,T.0019__FL09__AP9,T.0019,FL09,AP9,ท.0019 ชั้นที่ 9 อาคารทำการ ชธธ. ระบบเครื่องปรับอากาศ 9,66115.09,kWh,,
17/07/2026,2026-W29,83,T.0019__FL09__PPD,T.0019,FL09,PPD,ท.0019 ชั้นที่ 9 PPD,261658.43,kWh,,
17/07/2026,2026-W29,84,T.0019__FL09__PPAC_1,T.0019,FL09,PPAC 1,ท.0019 ชั้นที่ 9 อาคารทำการ ชธธ. แอร์รวม 1,144105.23,kWh,,
17/07/2026,2026-W29,85,T.0019__FL09__PPAC_2,T.0019,FL09,PPAC 2,ท.0019 ชั้นที่ 9 อาคารทำการ ชธธ. แอร์รวม 2,135924.7,kWh,,
17/07/2026,2026-W29,86,T.0019__FL09__PPAC_3,T.0019,FL09,PPAC 3,ท.0019 ชั้นที่ 9 อาคารทำการ ชธธ. แอร์รวม 3,55316.62,kWh,,
17/07/2026,2026-W29,87,T.0019__FL09__BP,T.0019,FL09,BP,ท.0019 Booster Pump,11811.57,kWh,,
17/07/2026,2026-W29,88,T.0019__FL09__PPL,T.0019,FL09,PPL,ท.0019 PPL (Lift),113410.08,kWh,,
17/07/2026,2026-W29,89,T.0020__FL01__SCB_21,T.0020,FL01,SCB 21,ท.0020 อาคาร ศูนย์รับรองสมรรถนะงานเดิมเครื่องและบำรุงรักษา,83578.32,kWh,,
17/07/2026,2026-W29,90,T.0020__FL01__LP21,T.0020,FL01,LP21,ท.0020 อาคาร ศูนย์รับรองสมรรถนะฯ ระบบแสงสว่าง 1,37394.82,kWh,,
17/07/2026,2026-W29,91,T.0020__FL01__PP21,T.0020,FL01,PP21,ท.0020 อาคาร ศูนย์รับรองสมรรถนะฯ ระบบเครื่องใช้ไฟฟ้า 1,53683.19,kWh,,
17/07/2026,2026-W29,92,T.0020__FL01__AP21,T.0020,FL01,AP21,ท.0020 อาคาร ศูนย์รับรองสมรรถนะฯ ระบบเครื่องปรับอากาศ 1,24552.87,kWh,,
17/07/2026,2026-W29,93,T.0020__FL02__SCB_22,T.0020,FL02,SCB 22,ท.0020 ชั้นที่ 2,129718.21,kWh,,
17/07/2026,2026-W29,94,T.0020__FL01__LP22,T.0020,FL01,LP22,ท.0020 อาคาร ศูนย์รับรองสมรรถนะฯ ระบบแสงสว่าง 2,0.64,kWh,,
17/07/2026,2026-W29,95,T.0020__FL01__PP22,T.0020,FL01,PP22,ท.0020 อาคาร ศูนย์รับรองสมรรถนะฯ ระบบเครื่องใช้ไฟฟ้า 2,2.55,kWh,,
17/07/2026,2026-W29,96,T.0020__FL01__AP22,T.0020,FL01,AP22,ท.0020 อาคาร ศูนย์รับรองสมรรถนะฯ ระบบเครื่องปรับอากาศ 2,29.82,kWh,,
17/07/2026,2026-W29,97,T.0020__FL03__SCB_23,T.0020,FL03,SCB 23,ท.0020 ชั้นที่ 3,98137.09,kWh,,
17/07/2026,2026-W29,98,T.0020__FL01__LP23,T.0020,FL01,LP23,ท.0020 อาคาร ศูนย์รับรองสมรรถนะฯ ระบบแสงสว่าง 3,,kWh,,
17/07/2026,2026-W29,99,T.0020__FL01__PP23,T.0020,FL01,PP23,ท.0020 อาคาร ศูนย์รับรองสมรรถนะฯ ระบบเครื่องใช้ไฟฟ้า 3,36.43,kWh,,
17/07/2026,2026-W29,100,T.0020__FL01__AP23,T.0020,FL01,AP23,ท.0020 อาคาร ศูนย์รับรองสมรรถนะฯ ระบบเครื่องปรับอากาศ 3,46.98,kWh,,
17/07/2026,2026-W29,101,T.0020__FL03__PPAC_3,T.0020,FL03,PPAC 3,ท.0020 แอร์รวม,,kWh,,